<application>
  <component name="DiscordApplicationSettings">
    <option name="show" value="true" />
    <option name="idle" value="IGNORE" />
    <option name="applicationDetailsCustom" value="" />
    <option name="applicationState" value="APPLICATION_VERSION" />
    <option name="applicationStateCustom" value="" />
    <option name="applicationIconLargeTextCustom" value="" />
    <option name="applicationIconSmallText" value="CUSTOM" />
    <option name="applicationIconSmallTextCustom" value="HELLOO BROOOOO" />
    <option name="applicationTime" value="APPLICATION" />
    <option name="projectDetailsCustom" value="" />
    <option name="projectStateCustom" value="" />
    <option name="projectIconLargeTextCustom" value="" />
    <option name="projectIconSmallTextCustom" value="" />
    <option name="projectTime" value="PROJECT_TOTAL" />
    <option name="fileDetailsCustom" value="" />
    <option name="fileStateCustom" value="" />
    <option name="fileIconLargeTextCustom" value="" />
    <option name="fileIconSmall" value="NONE" />
    <option name="fileIconSmallTextCustom" value="" />
    <option name="fileTime" value="APPLICATION" />
    <option name="filePrefixEnabled" value="true" />
    <option name="fileHideVcsIgnored" value="false" />
    <option name="applicationType" value="IDE_EDITION" />
    <option name="applicationTheme" value="2024-icons" />
    <option name="iconsTheme" value="classic" />
    <option name="applicationLastUpdateNotification" value="1.12.0" />
  </component>
</application>