<application>
  <component name="LessonStateBase">
    <option name="map">
      <map>
        <entry key="actions" value="NOT_PASSED" />
        <entry key="basic completion" value="NOT_PASSED" />
        <entry key="clion.onboarding" value="NOT_PASSED" />
        <entry key="codeassistance.assembly" value="NOT_PASSED" />
        <entry key="codeassistance.parameterinfo" value="NOT_PASSED" />
        <entry key="codeassistance.quickpopups" value="NOT_PASSED" />
        <entry key="context.actions" value="NOT_PASSED" />
        <entry key="duplicate" value="NOT_PASSED" />
        <entry key="editorbasics.collapse" value="NOT_PASSED" />
        <entry key="editorbasics.commentline" value="NOT_PASSED" />
        <entry key="editorbasics.multiselection" value="NOT_PASSED" />
        <entry key="execution.debug" value="NOT_PASSED" />
        <entry key="execution.run" value="NOT_PASSED" />
        <entry key="file structure" value="PASSED" />
        <entry key="find in files" value="NOT_PASSED" />
        <entry key="git.annotate" value="NOT_PASSED" />
        <entry key="git.basicworkflow" value="NOT_PASSED" />
        <entry key="git.changelistsandshelf" value="NOT_PASSED" />
        <entry key="git.commit" value="PASSED" />
        <entry key="git.interactiverebase" value="NOT_PASSED" />
        <entry key="git.projecthistory" value="PASSED" />
        <entry key="git.quickstart" value="PASSED" />
        <entry key="java.occurrences.lesson" value="PASSED" />
        <entry key="move" value="NOT_PASSED" />
        <entry key="postfix completion" value="NOT_PASSED" />
        <entry key="refactorings.changesignature" value="NOT_PASSED" />
        <entry key="refactorings.extract" value="NOT_PASSED" />
        <entry key="refactorings.rename" value="NOT_PASSED" />
        <entry key="search everywhere" value="NOT_PASSED" />
        <entry key="select" value="NOT_PASSED" />
        <entry key="smart completion" value="NOT_PASSED" />
        <entry key="surround with" value="NOT_PASSED" />
        <entry key="tab completion" value="NOT_PASSED" />
      </map>
    </option>
  </component>
</application>