<application>
  <component name="GeneralSettings">
    <option name="showTipsOnStartup" value="true" />
    <option name="autoSaveIfInactive" value="true" />
    <option name="confirmExit" value="false" />
    <option name="confirmOpenNewProject2" value="1" />
  </component>
  <component name="Registry">
    <entry key="clang.parameter.info" value="true" />
    <entry key="ide.experimental.ui" value="true" />
    <entry key="cache.folding.model.on.disk" value="false" />
  </component>
  <component name="StatusBar">
    <option name="widgets">
      <map>
        <entry key="ClangdMemory" value="true" />
        <entry key="Memory" value="true" />
      </map>
    </option>
  </component>
</application>