<application>
  <component name="ProjectManager">
    <defaultProject>
      <component name="DiscordProjectSettings">
        <option name="show" value="ASK" />
        <option name="description" value="" />
        <option name="applicationTheme" value="default" />
        <option name="iconsTheme" value="default" />
        <option name="button1Title" value="" />
        <option name="button1Url" value="" />
        <option name="button2Title" value="" />
        <option name="button2Url" value="" />
        <option name="customApplicationId" value="" />
      </component>
      <component name="PropertiesComponent">{}</component>
    </defaultProject>
  </component>
</application>