<application>
  <component name="Trusted.Paths">
    <option name="TRUSTED_PROJECT_PATHS">
      <map>
        <entry key="C:\Users\zimba\AppData\Local\JetBrains\CLion2024.1\demo\LearnCppProject" value="true" />
        <entry key="C:\development\CLion\CLion-DLL-Example" value="true" />
        <entry key="C:\development\CLion\DLLTest" value="true" />
        <entry key="C:\development\CLion\cheat" value="true" />
        <entry key="C:\development\CLion\cheatDLL" value="true" />
        <entry key="C:\development\CLion\cheatDll" value="true" />
        <entry key="C:\development\CLion\dev" value="true" />
        <entry key="C:\development\CLion\global" value="true" />
        <entry key="C:\development\CLion\hi" value="true" />
        <entry key="C:\development\CLion\injector" value="true" />
        <entry key="C:\development\CLion\memory" value="true" />
        <entry key="C:\development\CLion\projects" value="true" />
        <entry key="C:\development\CLion\test" value="true" />
        <entry key="C:\development\CLion\untitled" value="true" />
        <entry key="C:\development\CLion\untitled1" value="true" />
        <entry key="C:\development\Projects\File Creator" value="true" />
        <entry key="C:\development\Projects\Troll Quiz" value="true" />
        <entry key="C:\development\projects" value="true" />
      </map>
    </option>
  </component>
  <component name="Trusted.Paths.Settings">
    <option name="TRUSTED_PATHS">
      <list>
        <option value="C:\development\CLion" />
      </list>
    </option>
  </component>
</application>