<application>
  <component name="DimensionService">
    <location key="find.popup.0.0.2560.1440" x="1453" y="282" />
    <size key="GridCell.Tab.0.left.0.0.2560.1440" width="1239" height="313" />
    <size key="GridCell.Tab.0.center.0.0.2560.1440" width="1239" height="313" />
    <size key="GridCell.Tab.0.right.0.0.2560.1440" width="1239" height="313" />
    <size key="GridCell.Tab.0.bottom.0.0.2560.1440" width="1239" height="313" />
    <size key="GridCell.Tab.1.left.0.0.2560.1440" width="1226" height="370" />
    <size key="GridCell.Tab.1.center.0.0.2560.1440" width="1226" height="370" />
    <size key="GridCell.Tab.1.right.0.0.2560.1440" width="1226" height="370" />
    <size key="GridCell.Tab.1.bottom.0.0.2560.1440" width="1226" height="370" />
    <size key="GridCell.Tab.2.left.0.0.2560.1440" width="1226" height="370" />
    <size key="GridCell.Tab.2.center.0.0.2560.1440" width="1226" height="370" />
    <size key="GridCell.Tab.2.right.0.0.2560.1440" width="1226" height="370" />
    <size key="GridCell.Tab.2.bottom.0.0.2560.1440" width="1226" height="370" />
    <size key="GridCell.Tab.3.left.0.0.2560.1440" width="1226" height="370" />
    <size key="GridCell.Tab.3.center.0.0.2560.1440" width="1226" height="370" />
    <size key="GridCell.Tab.3.right.0.0.2560.1440" width="1226" height="370" />
    <size key="GridCell.Tab.3.bottom.0.0.2560.1440" width="1226" height="370" />
    <size key="find.popup.0.0.2560.1440" width="662" height="672" />
    <size key="CreateCMakeListWizard.topPanel.0.0.2560.1440" width="640" height="476" />
    <size key="CreateCMakeListWizard.bottomPanel.0.0.2560.1440" width="640" height="204" />
  </component>
  <component name="WindowManager">
    <frame x="-8" y="-8" width="2576" height="1408" extendedState="6" />
  </component>
  <component name="WindowStateApplicationService">
    <state x="1035" y="373" key="#HTTP_Proxy" timestamp="1722093116137">
      <screen x="0" y="0" width="2560" height="1400" />
    </state>
    <state x="1035" y="373" key="#HTTP_Proxy/0.0.2560.1400" timestamp="1722093116137" />
    <state x="1060" y="436" key="FileChooserDialogImpl" timestamp="1721888683799">
      <screen x="0" y="0" width="2560" height="1400" />
    </state>
    <state x="1060" y="436" key="FileChooserDialogImpl/0.0.2560.1400" timestamp="1721888683799" />
    <state x="1280" y="699" width="2576" height="1408" key="WELCOME_SCREEN" timestamp="1726491482181">
      <screen x="0" y="0" width="2560" height="1392" />
    </state>
    <state x="1280" y="699" width="2576" height="1408" key="WELCOME_SCREEN/0.0.2560.1392" timestamp="1726491482181" />
    <state x="1280" y="703" width="2576" height="1416" key="WELCOME_SCREEN/0.0.2560.1400" timestamp="1722160318559" />
    <state x="827" y="608" key="ide.config.custom.settings" timestamp="1726491513622">
      <screen x="0" y="0" width="2560" height="1392" />
    </state>
    <state x="827" y="608" key="ide.config.custom.settings/0.0.2560.1392" timestamp="1726491513622" />
    <state x="827" y="611" key="ide.config.custom.settings/0.0.2560.1400" timestamp="1722093074533" />
  </component>
</application>