<keymap version="1" name="Windows copy" parent="$default">
  <action id="CidrBuildRunToolbar">
    <keyboard-shortcut first-keystroke="ctrl b" />
  </action>
  <action id="ClickLink">
    <mouse-shortcut keystroke="control button1" />
    <mouse-shortcut keystroke="button2" />
  </action>
  <action id="Console.TableResult.GotoReferencingResult">
    <mouse-shortcut keystroke="control button1" />
    <mouse-shortcut keystroke="button2" />
  </action>
  <action id="Console.TableResult.NavigateForeignAction">
    <mouse-shortcut keystroke="control button1" />
    <mouse-shortcut keystroke="button2" />
  </action>
  <action id="GotoDeclaration">
    <mouse-shortcut keystroke="control button1" />
    <mouse-shortcut keystroke="button2" />
  </action>
  <action id="Graph.ApplyCurrentLayout" />
  <action id="InlayClickAction">
    <mouse-shortcut keystroke="control button1" />
    <mouse-shortcut keystroke="button2" />
  </action>
  <action id="Jdbc.OpenEditor.DDL">
    <mouse-shortcut keystroke="control button1" />
    <mouse-shortcut keystroke="button2" />
  </action>
  <action id="Run">
    <keyboard-shortcut first-keystroke="shift f5" />
  </action>
  <action id="StoreDefaultLayout">
    <keyboard-shortcut first-keystroke="alt period" />
  </action>
  <action id="org.intellij.plugins.markdown.ui.actions.styling.ToggleBoldAction" />
</keymap>